[//农场之类的建筑

	{
		"name": "Farm",
		"terrainsCanBeBuiltOn": ["Plains","Grassland","Desert","Flood plains"],
		"food": 1,
		"turnsToBuild": 7,
		"techRequired": "Agriculture",
		"uniques": ["Can also be built on tiles adjacent to fresh water",
			"[+1 Food] from [Fresh water] tiles <after discovering [Civil Service]>",
			"[+1 Food] from [non-fresh water] tiles <after discovering [Fertilizer]>",
            "Pillaging this improvement yields approximately [+18 Gold]"],
		"shortcutKey": "F"
	},
	{
		"name": "Lumber mill",
		"terrainsCanBeBuiltOn": ["Forest"],
		"production": 1,
		"turnsToBuild": 7,
		"techRequired": "Construction",
		"uniques": ["[+1 Production] <after discovering [Scientific Theory]>", "Pillaging this improvement yields approximately [+10 Gold]"],
		"shortcutKey": "L"
	},
	{
		"name": "Mine",
		"terrainsCanBeBuiltOn": ["Hill"],
		"production": 1,
		"turnsToBuild": 7,
		"techRequired": "Mining",
		"uniques": ["[+1 Production] <after discovering [Chemistry]>", "Pillaging this improvement yields approximately [+20 Gold]"],
		"shortcutKey": "M"
	},
	{
		"name": "Trading post",
		"terrainsCanBeBuiltOn": ["Plains","Grassland","Desert","Hill","Tundra","Forest","Jungle","Flood plains"],
		"gold": 1,
		"turnsToBuild": 7,
		"techRequired": "Guilds",
		"uniques": ["[+1 Gold] <after discovering [Economics]>", "Pillaging this improvement yields approximately [+20 Gold]"],
		"shortcutKey": "T"
	},

	// Resource-specific
	{
		"name": "Camp",
		"turnsToBuild": 7,
		"techRequired": "Trapping",
		"uniques": ["Does not need removal of [Forest]","Does not need removal of [Jungle]","[+1 Gold] <after discovering [Economics]>", "Can only be built to improve a resource", "Pillaging this improvement yields approximately [+10 Gold]"],
		"shortcutKey": "C"
	},
	{
		"name": "Oil well",
		"turnsToBuild": 9,
		"techRequired": "Biology",
		"uniques": ["Can only be built to improve a resource", "Cannot be built on [Water] tiles", "Pillaging this improvement yields approximately [+20 Gold]"],
		"shortcutKey": "W"
	},
	{
		"name": "Offshore Platform",
		"techRequired": "Refrigeration",
		"uniques": ["Can only be built to improve a resource", "Can only be built on [Water] tiles", "Pillaging this improvement yields approximately [+20 Gold]"],
		"shortcutKey": "P"
	},
	{
		"name": "Pasture",
		"turnsToBuild": 8,
		"techRequired": "Animal Husbandry",
		"uniques": ["[+1 Food] <after discovering [Fertilizer]>", "Can only be built to improve a resource", "Pillaging this improvement yields approximately [+10 Gold]"],
		"shortcutKey": "P"
	},
	{
		"name": "Plantation",
		"turnsToBuild": 6,
		"gold": 1,
		"techRequired": "Calendar",
		"uniques": ["[+1 Food] <after discovering [Fertilizer]>", "Can only be built to improve a resource", "Pillaging this improvement yields approximately [+10 Gold]"],
		"shortcutKey": "P"
	},
	{
		"name": "Quarry",
		"turnsToBuild": 8,
		"techRequired": "Masonry",
		"uniques": ["[+1 Production] <after discovering [Chemistry]>", "Can only be built to improve a resource", "Pillaging this improvement yields approximately [+20 Gold]"],
		"shortcutKey": "Q"
	},
	{
		"name": "Fishing Boats",
		"terrainsCanBeBuiltOn": ["Coast"],
		"food": 1,
		"techRequired": "Sailing",
		"uniques": ["[+1 Gold] <after discovering [Compass]>", "Can only be built to improve a resource", "Pillaging this improvement yields approximately [+10 Gold]"],
		"shortcutKey": "F"
	},

	// Military improvement
	{
		"name": "Fort",
		"terrainsCanBeBuiltOn": ["Plains","Grassland","Desert","Hill","Tundra","Snow","Forest","Jungle"],
		"turnsToBuild": 6,
		"techRequired": "Engineering",
		"uniques": ["Can be built outside your borders", "Gives a defensive bonus of [50]%"],
		"shortcutKey": "O"
	},

	// Transportation
	{
		"name": "Road",
		"terrainsCanBeBuiltOn": ["Land"],
		"turnsToBuild": 4,
		"techRequired": "The Wheel",
		// "Costs [1] gold per turn when in your territory" does nothing and is only to inform the user
		"uniques": ["Can be built outside your borders", "Costs [1] gold per turn when in your territory"],
		"shortcutKey": "R",
        "civilopediaText": [
            {"text":"Reduces movement cost to ½ if the other tile also has a Road or Railroad"},
            {"text":"Reduces movement cost to ⅓ with Machinery", "link":"Technology/Machinery"},
            {"text":"Requires Engineering to bridge rivers", "link":"Technology/Engineering"}
        ]
	},
	{
		"name": "Railroad",
		"terrainsCanBeBuiltOn": ["Land"],
		"turnsToBuild": 4,
		"techRequired": "Railroads",
		"uniques": ["Can be built outside your borders", "Costs [2] gold per turn when in your territory"],
		"shortcutKey": "R",
        "civilopediaText": [{"text":"Reduces movement cost to ⅒ if the other tile also has a Railroad"}]
	},

	// Removals
	// Any improvement that starts with 'Remove ' is automatically changed into
	// the improvement that removes the terrainfeature after it.
	{
		"name": "Remove Forest",
		"turnsToBuild": 4,
		"techRequired": "Mining",
		"uniques": ["Can be built outside your borders"],
		"shortcutKey": "X",
        "civilopediaText": [{"text":"Provides a one-time Production bonus depending on distance to the closest city once finished"}]
	},
	{
		"name": "Remove Jungle",
		"turnsToBuild": 7,
		"techRequired": "Bronze Working",
		"uniques": ["Can be built outside your borders"],
		"shortcutKey": "X"
	},
	{
		"name": "Remove Fallout",
		"turnsToBuild": 2,
		// Has no tech requirements as it can always be built
		"uniques": ["Can be built outside your borders"],
		"shortcutKey": "X"
	},
	{
		"name": "Remove Marsh",
		"turnsToBuild": 6,
		"techRequired": "Masonry",
		"uniques": ["Can be built outside your borders"],
		"shortcutKey": "X"
	},

	// These are unique and have unique in-game checks related to them
	{
		"name": "Remove Road",
		"turnsToBuild": 2,
		"uniques": ["Can be built outside your borders"]
	},
	{
		"name": "Remove Railroad",
		"turnsToBuild": 2,
		"uniques": ["Can be built outside your borders"]
	},
	{
		"name": "Cancel improvement order",
		"uniques": ["Can be built outside your borders"],
		"shortcutKey": "."
	},

	// Great Person improvements
	{
		"name": "Academy",
		"terrainsCanBeBuiltOn": ["Land"],
		"science": 8,
		"uniques": ["Great Improvement", "[+2 Science] <after discovering [Scientific Theory]>", "[+2 Science] <after discovering [Atomic Theory]>", "Removes removable features when built", "Pillaging this improvement yields approximately [+20 Gold]"]
	},
	{
		"name": "Landmark",
		"terrainsCanBeBuiltOn": ["Land"],
		"culture": 6,
		"uniques": ["Great Improvement", "Removes removable features when built", "Pillaging this improvement yields approximately [+20 Gold]"]
	},
	{
		"name": "Manufactory",
		"terrainsCanBeBuiltOn": ["Land"],
		"production": 4,
		"uniques": ["Great Improvement", "[+1 Production] <after discovering [Chemistry]>", "Removes removable features when built", "Pillaging this improvement yields approximately [+20 Gold]"]
	},
	{
		"name": "Customs house",
		"terrainsCanBeBuiltOn": ["Land"],
		"gold": 4,
		"uniques": ["Great Improvement", "[+1 Gold] <after discovering [Economics]>", "Removes removable features when built", "Pillaging this improvement yields approximately [+20 Gold]"]
	},
	{
		"name": "Holy site",
		"terrainsCanBeBuiltOn": ["Land"],
		"faith": 6,
		"uniques": ["Great Improvement", "Removes removable features when built", "Pillaging this improvement yields approximately [+20 Gold]"]
	},
	{
		"name": "Citadel",
		"terrainsCanBeBuiltOn": ["Land"],
		"uniques": [
			"Great Improvement",
			"Gives a defensive bonus of [100]%",
			"Adjacent enemy units ending their turn take [30] damage",
			"Can be built just outside your borders",
        	"Constructing it will take over the tiles around it and assign them to your closest city",
			"Removes removable features when built",
		]
	},

	//Civilization unique improvements
	{
		"name": "Moai",
		"uniqueTo": "Polynesia",
		"terrainsCanBeBuiltOn": ["Land"],
		"culture": 1,
		"turnsToBuild": 4,
		"uniques": ["Can only be built on [Coastal] tiles", "[+1 Culture] for each adjacent [Moai]", "[+1 Gold] <after discovering [Flight]>", "Pillaging this improvement yields approximately [+10 Gold]"],
		"techRequired": "Construction",
		"shortcutKey": "M"
	},
	{
		"name": "Terrace farm",
		"uniqueTo": "Inca",
		"terrainsCanBeBuiltOn": ["Hill"],
		"food": 1,
		"turnsToBuild": 7,
		"uniques": ["Cannot be built on [Bonus resource] tiles",
			"[+1 Food] for each adjacent [Mountain]",
			"[+1 Food] from [Fresh water] tiles <after discovering [Civil Service]>",
			"[+1 Food] from [non-fresh water] tiles <after discovering [Fertilizer]>",
            "Pillaging this improvement yields approximately [+18 Gold]"],
		"techRequired": "Construction",
		"shortcutKey": "F"
	},
	{
		"name": "Polder",
		"uniqueTo": "The Netherlands",
		"food": 3,
		"terrainsCanBeBuiltOn": ["Marsh", "Flood plains"],
		"turnsToBuild": 7,
		"uniques": ["[+1 Production, +2 Gold] <after discovering [Economics]>", "Pillaging this improvement yields approximately [+18 Gold]"],
		"techRequired": "Guilds",
		"shortcutKey": "F"
	},

	// Unbuildable improvements
	{
		"name": "Ancient ruins",
		"terrainsCanBeBuiltOn": ["Land"],
		"uniques": ["Unpillagable", "Provides a random bonus when entered", "Unbuildable"]
	},
	{
		"name": "City ruins",
		"terrainsCanBeBuiltOn": ["Land"],
		"uniques": ["Unpillagable", "Unbuildable", "Will be replaced by automated workers"],
        "civilopediaText": [{"text":"A bleak reminder of the destruction wreaked by War"}]
	},
	{
		"name": "City center",
		"terrainsCanBeBuiltOn": ["Land"],
		"uniques": ["Unpillagable", "Irremovable", "Unbuildable"],
        "civilopediaText": [
			{"text":"Marks the center of a city"},
			{"text":"Appearance changes with the technological era of the owning civilization"}
		]
	},
	{
		"name": "Barbarian encampment",
		"terrainsCanBeBuiltOn": ["Land"],
		"uniques": ["Unpillagable", "Unbuildable"],
        "civilopediaText": [{"text":"Home to uncivilized barbarians, will spawn a hostile unit from time to time"}]
	},
	
	
	
	
	
	
	{
		"name": "沙地狱",
		"terrainsCanBeBuiltOn": ["Desert"],
		////属于国家（如果不想专属可以不写这项）
		"turnsToBuild": 30,
		"uniques": [
		"Can be built outside your borders",//可以在境外建造
		"Units ending their turn on this tileImprovements take [50] damage",//在上边结束回合扣50血
		],
	},
	
	{
		"name": "破碎地块",
		"terrainsCanBeBuiltOn": ["Land"],
		////属于国家（如果不想专属可以不写这项）
		"turnsToBuild": 30,
		"uniques": [
            "Provides [-2] [Coal]",//减少
            "Provides [-2] [Truffles]"//减少
            "Provides [-2] [Iron]"//减少铁
		"Can be built outside your borders",//可以在境外建造
	    ],
	},
	
	{
		"name": "考古探索",
		"uniqueTo": "神奥联盟",
		"terrainsCanBeBuiltOn": ["Land"],
		"uniques": ["Great Improvement",
		//"Unpillagable", 
		"Provides a random bonus when entered",]
	},
	
	
	
	
	{
		"name": "海洋基地",
		"terrainsCanBeBuiltOn": ["海底洞窟"],
		"production": 1,
		"techRequired": "Sailing",
		"uniques": [
		"[+1 Production] <after discovering [Compass]>", 
		"Unpillagable"],
	},
	
	{
		"name": "珊瑚采集",
		"terrainsCanBeBuiltOn": ["太阳珊瑚"],
		"production": 3,
		"gold":3,
		"culture":-2,
		"techRequired": "Sailing",
		"uniques": [
		"Unpillagable"],
	},
	
	{
		"name": "科技农场",
		"uniqueTo": "以太基金会",
		"terrainsCanBeBuiltOn": ["Land"],
		"food": 1,
		"turnsToBuild": 8,
		"techRequired": "Agriculture",
		"uniques": [
		"Tile provides yield without assigned population"//不需要人
			"[+1 Food] from [Fresh water] tiles <after discovering [Civil Service]>",
			"[+1 Food] from [non-fresh water] tiles <after discovering [Fertilizer]>",
			"[+1 Food] <after discovering [Machinery]>",
			"[+1 Production] <after discovering [Machinery]>",
            "Provides [1] [Wheat] <in [Wheat] tiles>"
            "Unpillagable"
            ],
	},
	
	{
		"name": "自动采矿设备",
		"uniqueTo": "以太基金会",
		"terrainsCanBeBuiltOn": ["Hill","Mountain"],
		"production": 1,
		"turnsToBuild": 8,
		"techRequired": "Mining",
		"uniques": [
		"Tile provides yield without assigned population"//不需要人
		"[+1 Production] <after discovering [Chemistry]>", 
		"[+2 Production] <after discovering [Machinery]>",
		"Provides [1] [Gems] <in [Gems] tiles>"
		"Provides [1] [Gold Ore] <in [Gold Ore] tiles>"
		"Provides [1] [Silver] <in [Silver] tiles>"
		"Provides [1] [Copper] <in [Copper] tiles>"
		"Provides [1] [Salt] <in [Salt] tiles>"
		"Provides [1] [Iron] <after discovering [Iron Working]>"
		"Provides [1] [Coal] <after discovering [Industrialization]>"
		"Provides [1] [Aluminum] <after discovering [Electricity]>"
		"Unpillagable"
		],
	},


    {
		"name": "自动化种植园",//"Plantation",
		"uniqueTo": "以太基金会",
		"terrainsCanBeBuiltOn": ["Land"],
		"turnsToBuild": 8,
		"gold": 1,
		"techRequired": "Calendar",
		"uniques": [
		"Tile provides yield without assigned population"//不需要人
		"[+1 Food] <after discovering [Fertilizer]>",
		"[+1 Food] <after discovering [Machinery]>",
			"[+2 Gold] <after discovering [Machinery]>",
		 "Provides [1] [Bananas] <in [Bananas] tiles>"
		 "[+2 Food, -1 Production] <in [Bananas] tiles>"
		 "Provides [1] [Cotton] <in [Cotton] tiles>"
		 "Provides [1] [Dyes] <in [Dyes] tiles>"
		 "Provides [1] [Incense] <in [Incense] tiles>"
		 "Provides [1] [Silk] <in [Silk] tiles>"
		 "Provides [1] [Spices] <in [Spices] tiles>"
		 "Provides [1] [Wine] <in [Wine] tiles>"
		 "Provides [1] [Sugar] <in [Sugar] tiles>"
		 "Provides [1] [Citrus] <in [Citrus] tiles>"
		 "Provides [1] [树果] <in [树果] tiles>"
		 "[+2 Food, -1 Gold] <in [树果] tiles>"
		 "Provides [1] [球果] <in [球果] tiles>"
		 "[+2 Gold] <in [球果] tiles>"
		   ],
	},
	
	{
		"name": "自动采矿设备β"//"Quarry",
		"uniqueTo": "以太基金会",
		"terrainsCanBeBuiltOn": ["Land"],
		"turnsToBuild": 8,
		"techRequired": "Masonry",
		"uniques": [
		"Tile provides yield without assigned population"//不需要人
		"[+1 Production] <after discovering [Chemistry]>",
		"[+2 Production] <after discovering [Machinery]>",
		"Provides [1] [Stone] <in [Stone] tiles>"
		"[+1 Production] <in [Stone] tiles>"
		"Provides [1] [Marble] <in [Marble] tiles>"
		"[+1 Production] <in [Marble] tiles>"
		//"Provides [1] [火之石] <in [火之石] tiles>"
		//"[+1 Production, +2 Gold] <in [火之石] tiles>"
		"Unpillagable"
		 ],
	},
	
	{
	"name":"以太饲育场",//"Camp",
	"uniqueTo": "以太基金会",
		"turnsToBuild": 8,
		"techRequired": "Animal Husbandry",
		"terrainsCanBeBuiltOn": ["Land"],
		"uniques": [
		"Tile provides yield without assigned population"//不需要人
		"[+1 Food] <after discovering [Machinery]>",
		"[+1 Production] <after discovering [Machinery]>",
		//猎场部分
		"Does not need removal of [Forest]",
		"Does not need removal of [Jungle]",
		"[+1 Gold] <after discovering [Economics]>", 
		"Unpillagable"
		"Provides [1] [Deer] <in [Deer] tiles>"
		"[+1 Production] <in [Deer] tiles>"
		"Provides [1] [Furs] <in [Furs] tiles>"
		"[+1 Gold] <in [Furs] tiles>"
		"Provides [1] [Ivory] <in [Ivory] tiles>"
		"[+1 Gold] <in [Ivory] tiles>"
		"Provides [1] [Truffles] <in [Truffles] tiles>"
		"[+1 Gold] <in [Truffles] tiles>"
		//牧场部分
		"[+1 Food] <after discovering [Fertilizer]>",
		"Provides [1] [Cattle] <in [Cattle] tiles>"
		"[+1 Production] <in [Cattle] tiles>"
		"Provides [1] [Sheep] <in [Sheep] tiles>"
		"[+1 Food] <in [Sheep] tiles>"
		"Provides [1] [Horses] <in [Horses] tiles>"
		"Provides [1] [Horses] <after discovering [Animal Husbandry]>"
		"[+1 Production] <in [Horses] tiles>"
		],
	},
]
